Título,Link
A better streams API is possible for JavaScript,https://blog.cloudflare.com/a-better-web-streams-api/
Allocating on the Stack,https://go.dev/blog/allocation-optimizations
We gave terabytes of CI logs to an LLM,https://www.mendral.com/blog/llms-are-good-at-sql
Modeling Cycles of Grift with Evolutionary Game Theory,https://www.oranlooney.com/post/grifters-skeptics-marks/
Tenth Circuit: 4th Amendment Doesn't Support Broad Search of Protesters' Devices,https://www.eff.org/deeplinks/2026/02/victory-tenth-circuit-finds-fourth-amendment-doesnt-support-broad-search-0
Block spent $68M on a single party in September 2025,https://twitter.com/BullTheoryio/status/2027250361816486085
Kyber (YC W23) Is Hiring an Enterprise Account Executive,https://www.ycombinator.com/companies/kyber/jobs/59yPaCs-enterprise-account-executive-ae
Show HN: RetroTick – Run classic Windows EXEs in the browser,https://retrotick.com/
Get free Claude max 20x for open-source maintainers,https://claude.com/contact-sales/claude-for-oss
Show HN: Badge that shows how well your codebase fits in an LLM's context window,https://github.com/qwibitai/nanoclaw/tree/main/repo-tokens
